demo_id,arm,geometry_source,evidence_length_m,modeled_length_m,sumo_effective_in_m,sumo_effective_out_m,adjustment_type,length_confidence,cutoff_reason
1,N,organizer_official_sumo_reference,101.28,101.28,90.17,90.17,none,high,organizer_official_sumo_boundary
1,E,organizer_official_sumo_reference,76.92,76.92,62.83,62.83,none,high,organizer_official_sumo_boundary
1,S,organizer_official_sumo_reference,80.71,80.71,69.53,69.53,none,high,organizer_official_sumo_boundary
1,W,organizer_official_sumo_reference,74.17,74.17,60.02,60.02,none,high,organizer_official_sumo_boundary
2,N,organizer_official_sumo_reference,66.96,66.96,56.8,56.8,none,high,organizer_official_sumo_boundary
2,S,organizer_official_sumo_reference,71.59,71.59,60.34,60.34,none,high,organizer_official_sumo_boundary
2,W,organizer_official_sumo_reference,76.89,76.89,68.21,68.21,none,high,organizer_official_sumo_boundary
3,N,organizer_official_sumo_reference,66.04,66.04,53.68,53.68,none,high,organizer_official_sumo_boundary
3,E,organizer_official_sumo_reference,64.36,64.36,54.12,54.12,none,high,organizer_official_sumo_boundary
3,S,organizer_official_sumo_reference,74.98,74.98,62.94,62.94,none,high,organizer_official_sumo_boundary
3,W,organizer_official_sumo_reference,70.86,70.86,61.04,61.04,none,high,organizer_official_sumo_boundary
4,N,organizer_official_sumo_reference,61.92,61.92,50.99,50.99,none,high,organizer_official_sumo_boundary
4,E,organizer_official_sumo_reference,81.1,81.1,70.17,70.17,none,high,organizer_official_sumo_boundary
4,S,organizer_official_sumo_reference,71.45,71.45,60.78,60.78,none,high,organizer_official_sumo_boundary
4,W,organizer_official_sumo_reference,49.92,49.92,39.25,39.25,none,high,organizer_official_sumo_boundary
5,E,checked_in_osm_extract,79.17,250.0,239.12,239.12,standardized_isolated_intersection_boundary,high,next_osm_topological_junction
5,S,checked_in_osm_extract,275.21,250.0,239.11,239.11,standardized_isolated_intersection_boundary,high,next_osm_topological_junction
5,W,checked_in_osm_extract,64.58,250.0,240.12,240.12,standardized_isolated_intersection_boundary,high,next_osm_topological_junction
6,N,checked_in_osm_extract,962.63,250.0,238.81,238.81,standardized_isolated_intersection_boundary,high,next_osm_topological_junction
6,E,checked_in_osm_extract,285.42,250.0,238.98,238.63,standardized_isolated_intersection_boundary,high,next_osm_topological_junction
6,S,checked_in_osm_extract,305.82,250.0,239.23,239.23,standardized_isolated_intersection_boundary,high,next_osm_topological_junction
6,W,checked_in_osm_extract,164.65,250.0,239.66,239.73,standardized_isolated_intersection_boundary,high,next_osm_topological_junction
7,N,checked_in_osm_extract,75.11,250.0,242.13,242.9,standardized_isolated_intersection_boundary,high,next_osm_topological_junction
7,E,checked_in_osm_extract,10275.8,250.0,242.52,242.52,standardized_isolated_intersection_boundary,high,next_osm_topological_junction
7,S,checked_in_osm_extract,144.86,250.0,242.52,242.52,standardized_isolated_intersection_boundary,high,next_osm_topological_junction
7,W,checked_in_osm_extract,1947.22,250.0,242.5,242.55,standardized_isolated_intersection_boundary,high,next_osm_topological_junction
8,N,checked_in_osm_extract,1071.82,250.0,237.21,234.18,standardized_isolated_intersection_boundary,high,next_osm_topological_junction
8,E,checked_in_osm_extract,2136.53,250.0,237.26,236.86,standardized_isolated_intersection_boundary,high,next_osm_topological_junction
8,S,checked_in_osm_extract,11.88,250.0,235.49,235.49,standardized_isolated_intersection_boundary,high,next_osm_topological_junction
8,W,checked_in_osm_extract,19.04,250.0,237.08,237.08,standardized_isolated_intersection_boundary,high,next_osm_topological_junction
9,N,checked_in_osm_extract,3363.7,250.0,239.89,239.44,standardized_isolated_intersection_boundary,high,next_osm_topological_junction
9,E,checked_in_osm_extract,2333.37,250.0,239.32,239.32,standardized_isolated_intersection_boundary,high,next_osm_topological_junction
9,S,checked_in_osm_extract,1008.82,250.0,238.93,239.72,standardized_isolated_intersection_boundary,high,next_osm_topological_junction
9,W,checked_in_osm_extract,12.33,250.0,239.36,239.36,standardized_isolated_intersection_boundary,high,next_osm_topological_junction
10,E,checked_in_osm_extract,114.95,250.0,244.19,244.19,standardized_isolated_intersection_boundary,high,next_osm_topological_junction
10,S,checked_in_osm_extract,168.24,250.0,243.17,243.17,standardized_isolated_intersection_boundary,high,next_osm_topological_junction
10,W,checked_in_osm_extract,157.6,250.0,243.17,243.17,standardized_isolated_intersection_boundary,high,next_osm_topological_junction
11,N,checked_in_osm_extract,26.23,250.0,239.2,239.2,standardized_isolated_intersection_boundary,high,next_osm_topological_junction
11,E,checked_in_osm_extract,14.29,250.0,242.92,242.92,standardized_isolated_intersection_boundary,high,next_osm_topological_junction
11,S,checked_in_osm_extract,2501.9,250.0,239.59,239.59,standardized_isolated_intersection_boundary,high,next_osm_topological_junction
11,W,checked_in_osm_extract,2188.39,250.0,241.9,242.31,standardized_isolated_intersection_boundary,high,next_osm_topological_junction
12,N,checked_in_osm_extract,919.28,250.0,239.1,239.44,standardized_isolated_intersection_boundary,high,next_osm_topological_junction
12,E,checked_in_osm_extract,1641.0,250.0,239.12,239.65,standardized_isolated_intersection_boundary,high,next_osm_topological_junction
12,S,checked_in_osm_extract,2098.51,250.0,239.53,239.8,standardized_isolated_intersection_boundary,high,next_osm_topological_junction
12,W,checked_in_osm_extract,8.2,250.0,239.28,239.28,standardized_isolated_intersection_boundary,high,next_osm_topological_junction
13,E,explicit_osm_chain,2996.25,250.0,241.63,244.29,standardized_isolated_intersection_boundary,high,next_osm_topological_junction
13,W,explicit_osm_chain,537.09,250.0,241.79,241.35,standardized_isolated_intersection_boundary,high,next_osm_topological_junction
13,N,explicit_osm_chain,472.18,250.0,235.89,235.87,standardized_isolated_intersection_boundary,high,next_osm_topological_junction
14,E,explicit_osm_chain,156.92,250.0,242.64,242.64,standardized_isolated_intersection_boundary,high,next_osm_topological_junction
14,N,explicit_osm_chain,191.56,250.0,242.19,243.44,standardized_isolated_intersection_boundary,high,next_osm_topological_junction
14,S,explicit_osm_chain,45.06,250.0,242.64,242.64,standardized_isolated_intersection_boundary,high,next_osm_topological_junction
15,N,checked_in_osm_extract,139.75,250.0,236.04,236.33,standardized_isolated_intersection_boundary,high,next_osm_topological_junction
15,E,checked_in_osm_extract,15.89,250.0,236.43,236.42,standardized_isolated_intersection_boundary,high,next_osm_topological_junction
15,S,checked_in_osm_extract,103.36,250.0,236.46,236.46,standardized_isolated_intersection_boundary,high,next_osm_topological_junction
15,W,checked_in_osm_extract,136.58,250.0,236.21,236.21,standardized_isolated_intersection_boundary,high,next_osm_topological_junction
16,N,checked_in_osm_extract,209.98,250.0,236.28,236.39,standardized_isolated_intersection_boundary,high,next_osm_topological_junction
16,E,checked_in_osm_extract,143.05,250.0,233.33,233.32,standardized_isolated_intersection_boundary,high,next_osm_topological_junction
16,S,checked_in_osm_extract,57.55,250.0,235.55,235.55,standardized_isolated_intersection_boundary,high,next_osm_topological_junction
16,W,checked_in_osm_extract,181.01,250.0,235.61,236.74,standardized_isolated_intersection_boundary,high,next_osm_topological_junction
17,N,checked_in_osm_extract,264.04,250.0,236.33,236.33,standardized_isolated_intersection_boundary,high,next_osm_topological_junction
17,E,checked_in_osm_extract,11.76,250.0,236.36,236.36,standardized_isolated_intersection_boundary,high,next_osm_topological_junction
17,S,checked_in_osm_extract,189.0,250.0,239.57,239.57,standardized_isolated_intersection_boundary,high,next_osm_topological_junction
18,N,checked_in_osm_extract,202.36,250.0,236.26,236.26,standardized_isolated_intersection_boundary,high,next_osm_topological_junction
18,E,checked_in_osm_extract,120.07,250.0,235.86,235.86,standardized_isolated_intersection_boundary,high,next_osm_topological_junction
18,S,checked_in_osm_extract,15.9,250.0,236.72,236.72,standardized_isolated_intersection_boundary,high,next_osm_topological_junction
18,W,checked_in_osm_extract,15.02,250.0,236.42,236.43,standardized_isolated_intersection_boundary,high,next_osm_topological_junction
19,N,checked_in_osm_extract,160.12,250.0,236.91,236.91,standardized_isolated_intersection_boundary,high,next_osm_topological_junction
19,E,checked_in_osm_extract,186.5,250.0,234.44,235.52,standardized_isolated_intersection_boundary,high,next_osm_topological_junction
19,S,checked_in_osm_extract,11.3,250.0,237.69,237.69,standardized_isolated_intersection_boundary,high,next_osm_topological_junction
19,W,checked_in_osm_extract,218.51,250.0,235.05,233.98,standardized_isolated_intersection_boundary,high,next_osm_topological_junction
20,N,checked_in_osm_extract,62.78,250.0,236.31,236.31,standardized_isolated_intersection_boundary,high,next_osm_topological_junction
20,E,checked_in_osm_extract,244.82,250.0,238.06,238.07,standardized_isolated_intersection_boundary,high,next_osm_topological_junction
20,S,checked_in_osm_extract,15.2,250.0,233.19,233.19,standardized_isolated_intersection_boundary,high,next_osm_topological_junction
20,W,checked_in_osm_extract,113.48,250.0,235.39,235.39,standardized_isolated_intersection_boundary,high,next_osm_topological_junction
